<?xml version="1.0" encoding="UTF-8"?>
<beans xmlns="http://www.springframework.org/schema/beans"
    xmlns:mvc="http://www.springframework.org/schema/mvc"
    xmlns:context="http://www.springframework.org/schema/context"
    xmlns:xsi="http://www.w3.org/2001/XMLSchema-instance"
    xsi:schemaLocation="http://www.springframework.org/schema/beans   
    https://www.springframework.org/schema/beans/spring-beans.xsd
    http://www.springframework.org/schema/context   
    http://www.springframework.org/schema/context/spring-context.xsd
    http://www.springframework.org/schema/mvc
    http://www.springframework.org/schema/mvc/spring-mvc.xsd
    ">

	<context:component-scan base-package="kr.ac.kopo" />
    <mvc:annotation-driven>
    	<mvc:message-converters>
    		<bean class="org.springframework.http.converter.StringHttpMessageConverter">
    			<property name="supportedMediaTypes">
    				<list>
    					<value>text/html; charset=UTF-8</value>
    				</list>
    			</property>
    		</bean>
    	</mvc:message-converters>
    </mvc:annotation-driven>
	<mvc:default-servlet-handler />
	<mvc:view-resolvers>
		<mvc:jsp prefix="/WEB-INF/jsp/" suffix=".jsp" />
	</mvc:view-resolvers>
	
	<bean id="dataSource" class="org.apache.commons.dbcp2.BasicDataSource">
		<property name="driverClassName" value="oracle.jdbc.driver.OracleDriver"></property>
		<property name="url" value="jdbc:oracle:thin:@localhost:1521:dink14"></property>
		<property name="username" value="C##scott"></property>
		<property name="password" value="tiger"></property>
	</bean>
	
	<bean id="sqlSessionFactory" class="org.mybatis.spring.SqlSessionFactoryBean">
		<property name="dataSource" ref="dataSource"></property>
		<property name="configLocation" value="classpath:config/mybatis/mybatis-config.xml"></property>
		<property name="mapperLocations" value="classpath:mapper/*.xml"></property>
	</bean>
	
	<bean id="sqlSessionTemplate" class="org.mybatis.spring.SqlSessionTemplate">
		<constructor-arg ref="sqlSessionFactory"/>
	</bean>
	
</beans>