<?xml version="1.0" encoding="UTF-8"?>
<beans xmlns="http://www.springframework.org/schema/beans"
	   xmlns:context="http://www.springframework.org/schema/context"
	   xmlns:xsi="http://www.w3.org/2001/XMLSchema-instance"
 	   xsi:schemaLocation=
 	   "http://www.springframework.org/schema/beans
 	    https://www.springframework.org/schema/beans/spring-beans.xsd
 	    http://www.springframework.org/schema/context
 	    http://www.springframework.org/schema/context/spring-context.xsd">
	
 	<context:component-scan base-package="di.calculator03" />
    <context:property-placeholder location="classpath:calculator03.properties"/>
	<bean id="add" class="di.calculator03.MyCalculator">
        <property name="calculator" ref="addCalculator"/>
    </bean>	
    
    <bean id="sub" class="di.calculator03.MyCalculator">
        <property name="calculator" ref="subCalculator"/>
    </bean>	
    
    <bean id="mul" class="di.calculator03.MyCalculator">
        <property name="calculator" ref="mulCalculator"/>
    </bean>	
    
    <bean id="div" class="di.calculator03.MyCalculator">
        <property name="calculator" ref="divideCalculator"/>
    </bean>	
</beans>